Workbook
Name FHDGVYA: #REF!
Name InventoryItems: INDEX(Inventory[Item],1):INDEX(Inventory[Item],COUNTA(Inventory[Item]))
Name SupplierY: #REF!
Name Y: #REF!
Name YDG: #REF!

Sheet Homepage

Sheet Inventory
A1: INVENTORY RECORDS
A4: Item | B4: Opening Stock | C4: Quantity Received | D4: Quantity Used | E4: Closing Stock
C5: =IF(A5="","", SUMIFS(SupplierX!D$6:D$452, SupplierX!C$6:C$452, A5, SupplierX!B$6:B$452, "Item Received") + SUMIFS(SupplierY!D$6:D$452, SupplierY!C$6:C$452, A5, SupplierY!B$6:B$452, "Item Received") ) | E5: =IF(Inventory[[#This Row],[Item]]="","",Inventory[[#This Row],[ Opening Stock]]+Inventory[[#This Row],[ Quantity Received]]-Inventory[[#This Row],[ Quantity Used]])
C6: =IF(A6="","", SUMIFS(SupplierX!D$6:D$452, SupplierX!C$6:C$452, A6, SupplierX!B$6:B$452, "Item Received") + SUMIFS(SupplierY!D$6:D$452, SupplierY!C$6:C$452, A6, SupplierY!B$6:B$452, "Item Received") ) | E6: =IF(Inventory[[#This Row],[Item]]="","",Inventory[[#This Row],[ Opening Stock]]+Inventory[[#This Row],[ Quantity Received]]-Inventory[[#This Row],[ Quantity Used]])
C7: =IF(A7="","", SUMIFS(SupplierX!D$6:D$452, SupplierX!C$6:C$452, A7, SupplierX!B$6:B$452, "Item Received") + SUMIFS(SupplierY!D$6:D$452, SupplierY!C$6:C$452, A7, SupplierY!B$6:B$452, "Item Received") ) | E7: =IF(Inventory[[#This Row],[Item]]="","",Inventory[[#This Row],[ Opening Stock]]+Inventory[[#This Row],[ Quantity Received]]-Inventory[[#This Row],[ Quantity Used]])
C8: =IF(A8="","", SUMIFS(SupplierX!D$6:D$452, SupplierX!C$6:C$452, A8, SupplierX!B$6:B$452, "Item Received") + SUMIFS(SupplierY!D$6:D$452, SupplierY!C$6:C$452, A8, SupplierY!B$6:B$452, "Item Received") ) | E8: =IF(Inventory[[#This Row],[Item]]="","",Inventory[[#This Row],[ Opening Stock]]+Inventory[[#This Row],[ Quantity Received]]-Inventory[[#This Row],[ Quantity Used]])
C9: =IF(A9="","", SUMIFS(SupplierX!D$6:D$452, SupplierX!C$6:C$452, A9, SupplierX!B$6:B$452, "Item Received") + SUMIFS(SupplierY!D$6:D$452, SupplierY!C$6:C$452, A9, SupplierY!B$6:B$452, "Item Received") ) | E9: =IF(Inventory[[#This Row],[Item]]="","",Inventory[[#This Row],[ Opening Stock]]+Inventory[[#This Row],[ Quantity Received]]-Inventory[[#This Row],[ Quantity Used]])
C10: =IF(A10="","", SUMIFS(SupplierX!D$6:D$452, SupplierX!C$6:C$452, A10, SupplierX!B$6:B$452, "Item Received") + SUMIFS(SupplierY!D$6:D$452, SupplierY!C$6:C$452, A10, SupplierY!B$6:B$452, "Item Received") ) | E10: =IF(Inventory[[#This Row],[Item]]="","",Inventory[[#This Row],[ Opening Stock]]+Inventory[[#This Row],[ Quantity Received]]-Inventory[[#This Row],[ Quantity Used]])
C11: =IF(A11="","", SUMIFS(SupplierX!D$6:D$452, SupplierX!C$6:C$452, A11, SupplierX!B$6:B$452, "Item Received") + SUMIFS(SupplierY!D$6:D$452, SupplierY!C$6:C$452, A11, SupplierY!B$6:B$452, "Item Received") ) | E11: =IF(Inventory[[#This Row],[Item]]="","",Inventory[[#This Row],[ Opening Stock]]+Inventory[[#This Row],[ Quantity Received]]-Inventory[[#This Row],[ Quantity Used]])
C12: =IF(A12="","", SUMIFS(SupplierX!D$6:D$452, SupplierX!C$6:C$452, A12, SupplierX!B$6:B$452, "Item Received") + SUMIFS(SupplierY!D$6:D$452, SupplierY!C$6:C$452, A12, SupplierY!B$6:B$452, "Item Received") ) | E12: =IF(Inventory[[#This Row],[Item]]="","",Inventory[[#This Row],[ Opening Stock]]+Inventory[[#This Row],[ Quantity Received]]-Inventory[[#This Row],[ Quantity Used]])
C13: =IF(A13="","", SUMIFS(SupplierX!D$6:D$452, SupplierX!C$6:C$452, A13, SupplierX!B$6:B$452, "Item Received") + SUMIFS(SupplierY!D$6:D$452, SupplierY!C$6:C$452, A13, SupplierY!B$6:B$452, "Item Received") ) | E13: =IF(Inventory[[#This Row],[Item]]="","",Inventory[[#This Row],[ Opening Stock]]+Inventory[[#This Row],[ Quantity Received]]-Inventory[[#This Row],[ Quantity Used]])
C14: =IF(A14="","", SUMIFS(SupplierX!D$6:D$452, SupplierX!C$6:C$452, A14, SupplierX!B$6:B$452, "Item Received") + SUMIFS(SupplierY!D$6:D$452, SupplierY!C$6:C$452, A14, SupplierY!B$6:B$452, "Item Received") ) | E14: =IF(Inventory[[#This Row],[Item]]="","",Inventory[[#This Row],[ Opening Stock]]+Inventory[[#This Row],[ Quantity Received]]-Inventory[[#This Row],[ Quantity Used]])
C15: =IF(A15="","", SUMIFS(SupplierX!D$6:D$452, SupplierX!C$6:C$452, A15, SupplierX!B$6:B$452, "Item Received") + SUMIFS(SupplierY!D$6:D$452, SupplierY!C$6:C$452, A15, SupplierY!B$6:B$452, "Item Received") ) | E15: =IF(Inventory[[#This Row],[Item]]="","",Inventory[[#This Row],[ Opening Stock]]+Inventory[[#This Row],[ Quantity Received]]-Inventory[[#This Row],[ Quantity Used]])
C16: =IF(A16="","", SUMIFS(SupplierX!D$6:D$452, SupplierX!C$6:C$452, A16, SupplierX!B$6:B$452, "Item Received") + SUMIFS(SupplierY!D$6:D$452, SupplierY!C$6:C$452, A16, SupplierY!B$6:B$452, "Item Received") ) | E16: =IF(Inventory[[#This Row],[Item]]="","",Inventory[[#This Row],[ Opening Stock]]+Inventory[[#This Row],[ Quantity Received]]-Inventory[[#This Row],[ Quantity Used]])
... C400: =IF(A400="","", SUMIFS(SupplierX!D$6:D$452, SupplierX!C$6:C$452, A400, SupplierX!B$6:B$452, "Item Received") + SUMIFS(SupplierY!D$6:D$452, SupplierY!C$6:C$452, A400, SupplierY!B$6:B$452, "Item Received") ) | E400: =IF(Inventory[[#This Row],[Item]]="","",Inventory[[#This Row],[ Opening Stock]]+Inventory[[#This Row],[ Quantity Received]]-Inventory[[#This Row],[ Quantity Used]])

Sheet SupplierX
A1: SUPPLIER X TRANSACTION RECORDS
A3: Transaction Date (yyyy-mm-dd) | B3: Transaction Type | C3: Item Received | D3: Quantity | E3: Price Per Unit ₦ | F3: Amount ₦ | G3: Deposit ₦
F4: =IF(OR(D4="", E4=""), "", D4*E4)
F5: =IF(OR(D5="", E5=""), "", D5*E5) | H5: TOTAL AMOUNT
F6: =IF(OR(D6="", E6=""), "", D6*E6)
F7: =IF(OR(D7="", E7=""), "", D7*E7) | H7: ="₦ "& TEXT(SUM(TableX[Amount ₦]),"#,##0.00") -> ₦ 0.00
F8: =IF(OR(D8="", E8=""), "", D8*E8)
F9: =IF(OR(D9="", E9=""), "", D9*E9)
F10: =IF(OR(D10="", E10=""), "", D10*E10)
F11: =IF(OR(D11="", E11=""), "", D11*E11) | H11: TOTAL DEPOSIT
F12: =IF(OR(D12="", E12=""), "", D12*E12)
F13: =IF(OR(D13="", E13=""), "", D13*E13) | H13: ="₦ " & TEXT(SUM(TableX[Deposit ₦]), "#,##0.00") -> ₦ 0.00
F14: =IF(OR(D14="", E14=""), "", D14*E14)
F15: =IF(OR(D15="", E15=""), "", D15*E15)
F16: =IF(OR(D16="", E16=""), "", D16*E16)
F17: =IF(OR(D17="", E17=""), "", D17*E17) | H17: BALANCE
F18: =IF(OR(D18="", E18=""), "", D18*E18)
F19: =IF(OR(D19="", E19=""), "", D19*E19) | H19: ="₦ "& TEXT(SUM(TableX[Deposit ₦])-SUM(TableX[Amount ₦]),"#,##0.00") -> ₦ 0.00
F20: =IF(OR(D20="", E20=""), "", D20*E20)
F21: =IF(OR(D21="", E21=""), "", D21*E21)
F22: =IF(OR(D22="", E22=""), "", D22*E22)
F23: =IF(OR(D23="", E23=""), "", D23*E23)
F24: =IF(OR(D24="", E24=""), "", D24*E24)
F25: =IF(OR(D25="", E25=""), "", D25*E25)
F26: =IF(OR(D26="", E26=""), "", D26*E26)
F27: =IF(OR(D27="", E27=""), "", D27*E27)
F28: =IF(OR(D28="", E28=""), "", D28*E28)
F29: =IF(OR(D29="", E29=""), "", D29*E29)
F30: =IF(OR(D30="", E30=""), "", D30*E30)
F31: =IF(OR(D31="", E31=""), "", D31*E31)
... F450: =IF(OR(D450="", E450=""), "", D450*E450)

Sheet SupplierY
A1: SUPPLIER Y TRANSACTIONAL RECORDS
A3: Transaction Date (yyyy-mm-dd) | B3: Transaction Type | C3: Item Received | D3: Quantity | E3: Price Per Unit (₦) | F3: Amount (₦) | G3: Deposit (₦)
F4: =IF(OR(D4="", E4=""), "", D4*E4)
F5: =IF(OR(D5="", E5=""), "", D5*E5) | J5: TOTAL AMOUNT
F6: =IF(OR(D6="", E6=""), "", D6*E6)
F7: =IF(OR(D7="", E7=""), "", D7*E7) | J7: ="₦ "&TEXT(SUM(TableY[Amount (₦)]),"#,##0.00") -> ₦ 0.00
F8: =IF(OR(D8="", E8=""), "", D8*E8)
F9: =IF(OR(D9="", E9=""), "", D9*E9)
F10: =IF(OR(D10="", E10=""), "", D10*E10)
F11: =IF(OR(D11="", E11=""), "", D11*E11) | J11: TOTAL DEPOSIT
F12: =IF(OR(D12="", E12=""), "", D12*E12)
F13: =IF(OR(D13="", E13=""), "", D13*E13) | J13: ="₦ "&TEXT(SUM(TableY[Deposit (₦)]),"#,##0.00") -> ₦ 0.00
F14: =IF(OR(D14="", E14=""), "", D14*E14)
F15: =IF(OR(D15="", E15=""), "", D15*E15)
F16: =IF(OR(D16="", E16=""), "", D16*E16)
F17: =IF(OR(D17="", E17=""), "", D17*E17) | J17: BALANCE
F18: =IF(OR(D18="", E18=""), "", D18*E18)
F19: =IF(OR(D19="", E19=""), "", D19*E19) | J19: ="₦ "&TEXT(SUM(TableY[Deposit (₦)])-SUM(TableY[Amount (₦)]),"#,##0.00") -> ₦ 0.00
F20: =IF(OR(D20="", E20=""), "", D20*E20)
F21: =IF(OR(D21="", E21=""), "", D21*E21)
F22: =IF(OR(D22="", E22=""), "", D22*E22)
F23: =IF(OR(D23="", E23=""), "", D23*E23)
F24: =IF(OR(D24="", E24=""), "", D24*E24)
F25: =IF(OR(D25="", E25=""), "", D25*E25)
F26: =IF(OR(D26="", E26=""), "", D26*E26)
F27: =IF(OR(D27="", E27=""), "", D27*E27)
F28: =IF(OR(D28="", E28=""), "", D28*E28)
F29: =IF(OR(D29="", E29=""), "", D29*E29)
F30: =IF(OR(D30="", E30=""), "", D30*E30)
F31: =IF(OR(D31="", E31=""), "", D31*E31)
... F450: =IF(OR(D450="", E450=""), "", D450*E450)

Sheet Description
C2: WORKBOOK DESCRIPTION
B6: This workbook is designed to record and track supplier transactions and inventory usage.
C10: SUPLIER TRANSACTION RECORDS
B13: Transaction Date | H13: The date of the transaction.
B14: Transaction Type | H14: Type of transaction (e.g., Purchase, Deposit, Refund).
B15: Item Received | H15: Name of item supplied
B16: Quantity | H16: Number of units received
B17: Price Per Unit (₦) | H17: Cost per item
B18: Amount (₦) | H18: Auto-calculated as Quantity × Price.
B19: Deposit (₦) | H19: Amount paid upfront
C22: INVENTORY RECORDS
B25: Item | H25: Name of the inventory item
B26: Opening Stock | H26: Quantity available before receiving new items.
B27: Quantity Received | H27: Items added to stock from suppliers
B28: Quantity Used | H28: Items removed from stock
B29: Closing Stock | H29: Auto-calculated as (Opening + Received – Used)
